"Lake_ID","Sample1","Sample2","Date1","Date2","TimeDiff_days","predator","nutrients","distance","component","month1","timepoint1","timepoint2","timePointsApart","monthsApart","isConsecutive","deltaCategory"
"L1","L1_0.45_April22","L1_0.45_May22",2022-04-21,2022-05-19,28,"0","1",0.563636363636364,"Total (SOR)",4,1,2,1,1,TRUE,"delta_1"
"L1","L1_0.45_May22","L1_0.45B_June22",2022-05-19,2022-06-23,35,"0","1",0.523809523809524,"Total (SOR)",5,2,3,1,1,TRUE,"delta_1"
"L1","L1_0.45B_June22","L1_0.45_July22",2022-06-23,2022-07-21,28,"0","1",0.463917525773196,"Total (SOR)",6,3,4,1,1,TRUE,"delta_1"
"L1","L1_0.45_July22","L1_0.45_Aug22",2022-07-21,2022-08-18,28,"0","1",0.571428571428571,"Total (SOR)",7,4,5,1,1,TRUE,"delta_1"
"L1","L1_0.45_Aug22","L1_0.45_Sept22",2022-08-18,2022-09-22,35,"0","1",0.479166666666667,"Total (SOR)",8,5,6,1,1,TRUE,"delta_1"
"L1","L1_0.45_Sept22","L1_0.45_Oct22",2022-09-22,2022-10-21,29,"0","1",0.372881355932203,"Total (SOR)",9,6,7,1,1,TRUE,"delta_1"
"L1","L1_0.45_Oct22","L1_0.45_Nov22",2022-10-21,2022-11-18,28,"0","1",0.4,"Total (SOR)",10,7,8,1,1,TRUE,"delta_1"
"L1","L1_0.45_Nov22","L1_0.45_Dec22",2022-11-18,2022-12-15,27,"0","1",0.446808510638298,"Total (SOR)",11,8,9,1,1,TRUE,"delta_1"
"L1","L1_0.45_Dec22","L1_0.45_Janv23",2022-12-15,2023-01-25,41,"0","1",0.272727272727273,"Total (SOR)",12,9,10,1,1,TRUE,"delta_1"
"L1","L1_0.45_Janv23","L1_0.45_Feb23",2023-01-25,2023-02-21,27,"0","1",0.228070175438596,"Total (SOR)",1,10,11,1,1,TRUE,"delta_1"
"L1","L1_0.45_Feb23","L1_0.45_March23",2023-02-21,2023-03-28,35,"0","1",0.229508196721311,"Total (SOR)",2,11,12,1,1,TRUE,"delta_1"
"L1","L1_0.45_March23","L1_0.45_Apr23",2023-03-28,2023-05-03,36,"0","1",0.54,"Total (SOR)",3,12,13,1,1,TRUE,"delta_1"
"L10","L10_0.45B_April22","L10_0.45_May22",2022-04-21,2022-05-19,28,"1","0",0.592592592592593,"Total (SOR)",4,1,2,1,1,TRUE,"delta_1"
"L10","L10_0.45_May22","L10_0.45_June22",2022-05-19,2022-06-23,35,"1","0",0.67032967032967,"Total (SOR)",5,2,3,1,1,TRUE,"delta_1"
"L10","L10_0.45_June22","L10_0.45_July22",2022-06-23,2022-07-21,28,"1","0",0.5,"Total (SOR)",6,3,4,1,1,TRUE,"delta_1"
"L10","L10_0.45_July22","L10_0.45_Aug22",2022-07-21,2022-08-18,28,"1","0",0.535714285714286,"Total (SOR)",7,4,5,1,1,TRUE,"delta_1"
"L10","L10_0.45_Aug22","L10_0.45_Sept22",2022-08-18,2022-09-22,35,"1","0",0.647058823529412,"Total (SOR)",8,5,6,1,1,TRUE,"delta_1"
"L10","L10_0.45_Sept22","L10_0.45_Oct22",2022-09-22,2022-10-21,29,"1","0",0.390728476821192,"Total (SOR)",9,6,7,1,1,TRUE,"delta_1"
"L10","L10_0.45_Oct22","L10_0.45_Nov22",2022-10-21,2022-11-18,28,"1","0",0.767441860465116,"Total (SOR)",10,7,8,1,1,TRUE,"delta_1"
"L10","L10_0.45_Nov22","L10_0.45_Dec22",2022-11-18,2022-12-15,27,"1","0",0.172413793103448,"Total (SOR)",11,8,9,1,1,TRUE,"delta_1"
"L10","L10_0.45_Dec22","L10_0.45_Janv23",2022-12-15,2023-01-25,41,"1","0",0.545454545454545,"Total (SOR)",12,9,10,1,1,TRUE,"delta_1"
"L10","L10_0.45_Janv23","L10_0.45_Feb23",2023-01-25,2023-02-21,27,"1","0",0.32258064516129,"Total (SOR)",1,10,11,1,1,TRUE,"delta_1"
"L10","L10_0.45_Feb23","L10_0.45_March23",2023-02-21,2023-03-28,35,"1","0",0.434782608695652,"Total (SOR)",2,11,12,1,1,TRUE,"delta_1"
"L10","L10_0.45_March23","L10_0.45_Apr23",2023-03-28,2023-05-03,36,"1","0",0.309734513274336,"Total (SOR)",3,12,13,1,1,TRUE,"delta_1"
"L11","L11_0.45_April22","L11_0.45_May22",2022-04-21,2022-05-19,28,"0","1",0.474576271186441,"Total (SOR)",4,1,2,1,1,TRUE,"delta_1"
"L11","L11_0.45_May22","L11_0.45_June22",2022-05-19,2022-06-23,35,"0","1",0.417322834645669,"Total (SOR)",5,2,3,1,1,TRUE,"delta_1"
"L11","L11_0.45_June22","L11_0.45_July22",2022-06-23,2022-07-21,28,"0","1",0.485714285714286,"Total (SOR)",6,3,4,1,1,TRUE,"delta_1"
"L11","L11_0.45_July22","L11_0.45_Aug22",2022-07-21,2022-08-18,28,"0","1",0.478260869565217,"Total (SOR)",7,4,5,1,1,TRUE,"delta_1"
"L11","L11_0.45_Aug22","L11_0.45B_Sept22",2022-08-18,2022-09-22,35,"0","1",0.5625,"Total (SOR)",8,5,6,1,1,TRUE,"delta_1"
"L11","L11_0.45B_Sept22","L11_0.45_Oct22",2022-09-22,2022-10-21,29,"0","1",0.443708609271523,"Total (SOR)",9,6,7,1,1,TRUE,"delta_1"
"L11","L11_0.45_Oct22","L11_0.45_Nov22",2022-10-21,2022-11-18,28,"0","1",0.42,"Total (SOR)",10,7,8,1,1,TRUE,"delta_1"
"L11","L11_0.45_Nov22","L11_0.45_Dec22",2022-11-18,2022-12-15,27,"0","1",0.388235294117647,"Total (SOR)",11,8,9,1,1,TRUE,"delta_1"
"L11","L11_0.45_Dec22","L11_0.45_Janv23",2022-12-15,2023-01-25,41,"0","1",0.5,"Total (SOR)",12,9,10,1,1,TRUE,"delta_1"
"L11","L11_0.45_Janv23","L11_0.45_Feb23",2023-01-25,2023-02-21,27,"0","1",0.485714285714286,"Total (SOR)",1,10,11,1,1,TRUE,"delta_1"
"L11","L11_0.45_Feb23","L11_0.45_March23",2023-02-21,2023-03-28,35,"0","1",0.388888888888889,"Total (SOR)",2,11,12,1,1,TRUE,"delta_1"
"L11","L11_0.45_March23","L11_0.45_Apr23",2023-03-28,2023-05-03,36,"0","1",0.260869565217391,"Total (SOR)",3,12,13,1,1,TRUE,"delta_1"
"L12","L12_0.45_April22","L12_0.45_May22",2022-04-21,2022-05-19,28,"0","0",0.518518518518518,"Total (SOR)",4,1,2,1,1,TRUE,"delta_1"
"L12","L12_0.45_May22","L12_0.45_June22",2022-05-19,2022-06-23,35,"0","0",0.565217391304348,"Total (SOR)",5,2,3,1,1,TRUE,"delta_1"
"L12","L12_0.45_June22","L12_0.45_July22",2022-06-23,2022-07-21,28,"0","0",0.583333333333333,"Total (SOR)",6,3,4,1,1,TRUE,"delta_1"
"L12","L12_0.45_July22","L12_0.45_Aug22",2022-07-21,2022-08-18,28,"0","0",0.63855421686747,"Total (SOR)",7,4,5,1,1,TRUE,"delta_1"
"L12","L12_0.45_Aug22","L12_0.45_Monthly_Sept22",2022-08-18,2022-09-22,35,"0","0",0.378151260504202,"Total (SOR)",8,5,6,1,1,TRUE,"delta_1"
"L12","L12_0.45_Monthly_Sept22","L12_0.45_Oct22",2022-09-22,2022-10-21,29,"0","0",0.319727891156463,"Total (SOR)",9,6,7,1,1,TRUE,"delta_1"
"L12","L12_0.45_Oct22","L12_0.45_Nov22",2022-10-21,2022-11-18,28,"0","0",0.564516129032258,"Total (SOR)",10,7,8,1,1,TRUE,"delta_1"
"L12","L12_0.45_Nov22","L12_0.45B_Dec22",2022-11-18,2022-12-15,27,"0","0",0.411764705882353,"Total (SOR)",11,8,9,1,1,TRUE,"delta_1"
"L12","L12_0.45B_Dec22","L12_0.45_Janv23",2022-12-15,2023-01-25,41,"0","0",0.392405063291139,"Total (SOR)",12,9,10,1,1,TRUE,"delta_1"
"L12","L12_0.45_Janv23","L12_0.45_Feb23",2023-01-25,2023-02-21,27,"0","0",0.288135593220339,"Total (SOR)",1,10,11,1,1,TRUE,"delta_1"
"L12","L12_0.45_Feb23","L12_0.45_March23",2023-02-21,2023-03-28,35,"0","0",0.7,"Total (SOR)",2,11,12,1,1,TRUE,"delta_1"
"L12","L12_0.45_March23","L12_0.45_Apr23",2023-03-28,2023-05-03,36,"0","0",0.739130434782609,"Total (SOR)",3,12,13,1,1,TRUE,"delta_1"
"L2","L2_0.45_April22","L2_0.45_May22",2022-04-21,2022-05-19,28,"0","0",0.585365853658537,"Total (SOR)",4,1,2,1,1,TRUE,"delta_1"
"L2","L2_0.45_May22","L2_0.45_June22",2022-05-19,2022-06-23,35,"0","0",0.595505617977528,"Total (SOR)",5,2,3,1,1,TRUE,"delta_1"
"L2","L2_0.45_June22","L2_0.45_July22",2022-06-23,2022-07-21,28,"0","0",0.531914893617021,"Total (SOR)",6,3,4,1,1,TRUE,"delta_1"
"L2","L2_0.45_July22","L2_0.45_Aug22",2022-07-21,2022-08-18,28,"0","0",0.582089552238806,"Total (SOR)",7,4,5,1,1,TRUE,"delta_1"
"L2","L2_0.45_Aug22","L2_0.45_Sept22",2022-08-18,2022-09-22,35,"0","0",0.287958115183246,"Total (SOR)",8,5,6,1,1,TRUE,"delta_1"
"L2","L2_0.45_Sept22","L2_0.45B_Oct22",2022-09-22,2022-10-21,29,"0","0",0.292134831460674,"Total (SOR)",9,6,7,1,1,TRUE,"delta_1"
"L2","L2_0.45B_Oct22","L2_0.45_Nov22",2022-10-21,2022-11-18,28,"0","0",0.37888198757764,"Total (SOR)",10,7,8,1,1,TRUE,"delta_1"
"L2","L2_0.45_Nov22","L2_0.45B_Janv23",2022-11-18,2023-01-25,68,"0","0",0.375,"Total (SOR)",11,8,9,1,2,TRUE,"delta_2"
"L2","L2_0.45B_Janv23","L2_0.45_Feb23",2023-01-25,2023-02-21,27,"0","0",0.371900826446281,"Total (SOR)",1,9,10,1,1,TRUE,"delta_1"
"L2","L2_0.45_Feb23","L2_0.45_March23",2023-02-21,2023-03-28,35,"0","0",0.243243243243243,"Total (SOR)",2,10,11,1,1,TRUE,"delta_1"
"L2","L2_0.45_March23","L2_0.45_Apr23",2023-03-28,2023-05-03,36,"0","0",0.477272727272727,"Total (SOR)",3,11,12,1,1,TRUE,"delta_1"
"L3","L3_0.45_April22","L3_0.45_May22",2022-04-21,2022-05-19,28,"1","1",0.5,"Total (SOR)",4,1,2,1,1,TRUE,"delta_1"
"L3","L3_0.45_May22","L3_0.45_June22",2022-05-19,2022-06-23,35,"1","1",0.468085106382979,"Total (SOR)",5,2,3,1,1,TRUE,"delta_1"
"L3","L3_0.45_June22","L3_0.45_July22",2022-06-23,2022-07-21,28,"1","1",0.360824742268041,"Total (SOR)",6,3,4,1,1,TRUE,"delta_1"
"L3","L3_0.45_July22","L3_0.45_Aug22",2022-07-21,2022-08-18,28,"1","1",0.529411764705882,"Total (SOR)",7,4,5,1,1,TRUE,"delta_1"
"L3","L3_0.45_Aug22","L3_0.45_Sept22",2022-08-18,2022-09-22,35,"1","1",0.339130434782609,"Total (SOR)",8,5,6,1,1,TRUE,"delta_1"
"L3","L3_0.45_Sept22","L3_0.45_Oct22",2022-09-22,2022-10-21,29,"1","1",0.608695652173913,"Total (SOR)",9,6,7,1,1,TRUE,"delta_1"
"L3","L3_0.45_Oct22","L3_0.45_Nov22",2022-10-21,2022-11-18,28,"1","1",0.62406015037594,"Total (SOR)",10,7,8,1,1,TRUE,"delta_1"
"L3","L3_0.45_Nov22","L3_0.45_Dec22",2022-11-18,2022-12-15,27,"1","1",0.528571428571429,"Total (SOR)",11,8,9,1,1,TRUE,"delta_1"
"L3","L3_0.45_Dec22","L3_0.45_Janv23",2022-12-15,2023-01-25,41,"1","1",0.333333333333333,"Total (SOR)",12,9,10,1,1,TRUE,"delta_1"
"L3","L3_0.45_Janv23","L3_0.45_Feb23",2023-01-25,2023-02-21,27,"1","1",0.23728813559322,"Total (SOR)",1,10,11,1,1,TRUE,"delta_1"
"L3","L3_0.45_Feb23","L3_0.45_March23",2023-02-21,2023-03-28,35,"1","1",0.339622641509434,"Total (SOR)",2,11,12,1,1,TRUE,"delta_1"
"L3","L3_0.45_March23","L3_0.45B_Apr23",2023-03-28,2023-05-03,36,"1","1",0.6,"Total (SOR)",3,12,13,1,1,TRUE,"delta_1"
"L4","L4_0.45_April22","L4_0.45_May22",2022-04-21,2022-05-19,28,"1","0",0.428571428571429,"Total (SOR)",4,1,2,1,1,TRUE,"delta_1"
"L4","L4_0.45_May22","L4_0.45_June22",2022-05-19,2022-06-23,35,"1","0",0.444444444444444,"Total (SOR)",5,2,3,1,1,TRUE,"delta_1"
"L4","L4_0.45_June22","L4_0.45_July22",2022-06-23,2022-07-21,28,"1","0",0.45679012345679,"Total (SOR)",6,3,4,1,1,TRUE,"delta_1"
"L4","L4_0.45_July22","L4_0.45_Aug22",2022-07-21,2022-08-18,28,"1","0",0.478260869565217,"Total (SOR)",7,4,5,1,1,TRUE,"delta_1"
"L4","L4_0.45_Aug22","L4_0.45_Sept22",2022-08-18,2022-09-22,35,"1","0",0.584158415841584,"Total (SOR)",8,5,6,1,1,TRUE,"delta_1"
"L4","L4_0.45_Sept22","L4_0.45_Oct22",2022-09-22,2022-10-21,29,"1","0",0.414965986394558,"Total (SOR)",9,6,7,1,1,TRUE,"delta_1"
"L4","L4_0.45_Oct22","L4_0.45_Nov22",2022-10-21,2022-11-18,28,"1","0",0.384615384615385,"Total (SOR)",10,7,8,1,1,TRUE,"delta_1"
"L4","L4_0.45_Nov22","L4_0.45_Dec22",2022-11-18,2022-12-15,27,"1","0",0.473684210526316,"Total (SOR)",11,8,9,1,1,TRUE,"delta_1"
"L4","L4_0.45_Dec22","L4_0.45_Janv23",2022-12-15,2023-01-25,41,"1","0",0.326530612244898,"Total (SOR)",12,9,10,1,1,TRUE,"delta_1"
"L4","L4_0.45_Janv23","L4_0.45_Feb23",2023-01-25,2023-02-21,27,"1","0",0.38,"Total (SOR)",1,10,11,1,1,TRUE,"delta_1"
"L4","L4_0.45_Feb23","L4_0.45B_March23",2023-02-21,2023-03-28,35,"1","0",0.407407407407407,"Total (SOR)",2,11,12,1,1,TRUE,"delta_1"
"L4","L4_0.45B_March23","L4_0.45_Apr23",2023-03-28,2023-05-03,36,"1","0",0.463414634146341,"Total (SOR)",3,12,13,1,1,TRUE,"delta_1"
"L5","L5_0.45_April22","L5_0.45_May22",2022-04-21,2022-05-19,28,"1","0",0.515789473684211,"Total (SOR)",4,1,2,1,1,TRUE,"delta_1"
"L5","L5_0.45_May22","L5_0.45_June22",2022-05-19,2022-06-23,35,"1","0",0.488888888888889,"Total (SOR)",5,2,3,1,1,TRUE,"delta_1"
"L5","L5_0.45_June22","L5_0.45_July22",2022-06-23,2022-07-21,28,"1","0",0.417322834645669,"Total (SOR)",6,3,4,1,1,TRUE,"delta_1"
"L5","L5_0.45_July22","L5_0.45B_Aug22",2022-07-21,2022-08-18,28,"1","0",0.363636363636364,"Total (SOR)",7,4,5,1,1,TRUE,"delta_1"
"L5","L5_0.45B_Aug22","L5_0.45_Sept22",2022-08-18,2022-09-22,35,"1","0",0.676190476190476,"Total (SOR)",8,5,6,1,1,TRUE,"delta_1"
"L5","L5_0.45_Sept22","L5_0.45_Oct22",2022-09-22,2022-10-21,29,"1","0",0.671641791044776,"Total (SOR)",9,6,7,1,1,TRUE,"delta_1"
"L5","L5_0.45_Oct22","L5_0.45_Nov22",2022-10-21,2022-11-18,28,"1","0",0.511627906976744,"Total (SOR)",10,7,8,1,1,TRUE,"delta_1"
"L5","L5_0.45_Nov22","L5_0.45_Dec22",2022-11-18,2022-12-15,27,"1","0",0.76271186440678,"Total (SOR)",11,8,9,1,1,TRUE,"delta_1"
"L5","L5_0.45_Dec22","L5_0.45_Janv23",2022-12-15,2023-01-25,41,"1","0",0.689655172413793,"Total (SOR)",12,9,10,1,1,TRUE,"delta_1"
"L5","L5_0.45_Janv23","L5_0.45_Feb23",2023-01-25,2023-02-21,27,"1","0",0.267326732673267,"Total (SOR)",1,10,11,1,1,TRUE,"delta_1"
"L5","L5_0.45_Feb23","L5_0.45_March23",2023-02-21,2023-03-28,35,"1","0",0.315315315315315,"Total (SOR)",2,11,12,1,1,TRUE,"delta_1"
"L5","L5_0.45_March23","L5_0.45_Apr23",2023-03-28,2023-05-03,36,"1","0",0.471428571428571,"Total (SOR)",3,12,13,1,1,TRUE,"delta_1"
"L6","L6_0.45_April22","L6_0.45B_May22",2022-04-21,2022-05-19,28,"1","1",0.299145299145299,"Total (SOR)",4,1,2,1,1,TRUE,"delta_1"
"L6","L6_0.45B_May22","L6_0.45_June22",2022-05-19,2022-06-23,35,"1","1",0.406779661016949,"Total (SOR)",5,2,3,1,1,TRUE,"delta_1"
"L6","L6_0.45_June22","L6_0.45_July22",2022-06-23,2022-07-21,28,"1","1",0.4375,"Total (SOR)",6,3,4,1,1,TRUE,"delta_1"
"L6","L6_0.45_July22","L6_0.45_Aug22",2022-07-21,2022-08-18,28,"1","1",0.491525423728814,"Total (SOR)",7,4,5,1,1,TRUE,"delta_1"
"L6","L6_0.45_Aug22","L6_0.45_Sept22",2022-08-18,2022-09-22,35,"1","1",0.46031746031746,"Total (SOR)",8,5,6,1,1,TRUE,"delta_1"
"L6","L6_0.45_Sept22","L6_0.45_Oct22",2022-09-22,2022-10-21,29,"1","1",0.411764705882353,"Total (SOR)",9,6,7,1,1,TRUE,"delta_1"
"L6","L6_0.45_Oct22","L6_0.45_Nov22",2022-10-21,2022-11-18,28,"1","1",0.434782608695652,"Total (SOR)",10,7,8,1,1,TRUE,"delta_1"
"L6","L6_0.45_Nov22","L6_0.45_Dec22",2022-11-18,2022-12-15,27,"1","1",0.36,"Total (SOR)",11,8,9,1,1,TRUE,"delta_1"
"L6","L6_0.45_Dec22","L6_0.45_Janv23",2022-12-15,2023-01-25,41,"1","1",0.661016949152542,"Total (SOR)",12,9,10,1,1,TRUE,"delta_1"
"L6","L6_0.45_Janv23","L6_0.45_Feb23",2023-01-25,2023-02-21,27,"1","1",0.4,"Total (SOR)",1,10,11,1,1,TRUE,"delta_1"
"L6","L6_0.45_Feb23","L6_0.45_March23",2023-02-21,2023-03-28,35,"1","1",0.636363636363636,"Total (SOR)",2,11,12,1,1,TRUE,"delta_1"
"L6","L6_0.45_March23","L6_0.45_Apr23",2023-03-28,2023-05-03,36,"1","1",0.695652173913043,"Total (SOR)",3,12,13,1,1,TRUE,"delta_1"
"L7","L7_0.45_April22","L7_0.45_May22",2022-04-21,2022-05-19,28,"0","0",0.538461538461538,"Total (SOR)",4,1,2,1,1,TRUE,"delta_1"
"L7","L7_0.45_May22","L7_0.45_June22",2022-05-19,2022-06-23,35,"0","0",0.441860465116279,"Total (SOR)",5,2,3,1,1,TRUE,"delta_1"
"L7","L7_0.45_June22","L7_0.45_July22",2022-06-23,2022-07-21,28,"0","0",0.559322033898305,"Total (SOR)",6,3,4,1,1,TRUE,"delta_1"
"L7","L7_0.45_July22","L7_0.45_Aug22",2022-07-21,2022-08-18,28,"0","0",0.514563106796116,"Total (SOR)",7,4,5,1,1,TRUE,"delta_1"
"L7","L7_0.45_Aug22","L7_0.45_Sept22",2022-08-18,2022-09-22,35,"0","0",0.36,"Total (SOR)",8,5,6,1,1,TRUE,"delta_1"
"L7","L7_0.45_Sept22","L7_0.45_Oct22",2022-09-22,2022-10-21,29,"0","0",0.367231638418079,"Total (SOR)",9,6,7,1,1,TRUE,"delta_1"
"L7","L7_0.45_Oct22","L7_0.45_Nov22",2022-10-21,2022-11-18,28,"0","0",0.312883435582822,"Total (SOR)",10,7,8,1,1,TRUE,"delta_1"
"L7","L7_0.45_Nov22","L7_0.45_Dec22",2022-11-18,2022-12-15,27,"0","0",0.612903225806452,"Total (SOR)",11,8,9,1,1,TRUE,"delta_1"
"L7","L7_0.45_Dec22","L7_0.45_Janv23",2022-12-15,2023-01-25,41,"0","0",0.435897435897436,"Total (SOR)",12,9,10,1,1,TRUE,"delta_1"
"L7","L7_0.45_Janv23","L7_0.45B_Feb23",2023-01-25,2023-02-21,27,"0","0",0.345454545454545,"Total (SOR)",1,10,11,1,1,TRUE,"delta_1"
"L7","L7_0.45B_Feb23","L7_0.45_March23",2023-02-21,2023-03-28,35,"0","0",0.337837837837838,"Total (SOR)",2,11,12,1,1,TRUE,"delta_1"
"L7","L7_0.45_March23","L7_0.45_Apr23",2023-03-28,2023-05-03,36,"0","0",0.224242424242424,"Total (SOR)",3,12,13,1,1,TRUE,"delta_1"
"L8","L8_0.45_April22","L8_0.45_May22",2022-04-21,2022-05-19,28,"0","1",0.376623376623377,"Total (SOR)",4,1,2,1,1,TRUE,"delta_1"
"L8","L8_0.45_May22","L8_0.45_June22",2022-05-19,2022-06-23,35,"0","1",0.578947368421053,"Total (SOR)",5,2,3,1,1,TRUE,"delta_1"
"L8","L8_0.45_June22","L8_0.45_July22",2022-06-23,2022-07-21,28,"0","1",0.681818181818182,"Total (SOR)",6,3,4,1,1,TRUE,"delta_1"
"L8","L8_0.45_July22","L8_0.45_Aug22",2022-07-21,2022-08-18,28,"0","1",0.555555555555556,"Total (SOR)",7,4,5,1,1,TRUE,"delta_1"
"L8","L8_0.45_Aug22","L8_0.45_Sept22",2022-08-18,2022-09-22,35,"0","1",0.444444444444444,"Total (SOR)",8,5,6,1,1,TRUE,"delta_1"
"L8","L8_0.45_Sept22","L8_0.45_Oct22",2022-09-22,2022-10-21,29,"0","1",0.438202247191011,"Total (SOR)",9,6,7,1,1,TRUE,"delta_1"
"L8","L8_0.45_Oct22","L8_0.45B_Nov22",2022-10-21,2022-11-18,28,"0","1",0.466666666666667,"Total (SOR)",10,7,8,1,1,TRUE,"delta_1"
"L8","L8_0.45B_Nov22","L8_0.45_Dec22",2022-11-18,2022-12-15,27,"0","1",0.442176870748299,"Total (SOR)",11,8,9,1,1,TRUE,"delta_1"
"L8","L8_0.45_Dec22","L8_0.45_Janv23",2022-12-15,2023-01-25,41,"0","1",0.529411764705882,"Total (SOR)",12,9,10,1,1,TRUE,"delta_1"
"L8","L8_0.45_Janv23","L8_0.45_Feb23",2023-01-25,2023-02-21,27,"0","1",0.4375,"Total (SOR)",1,10,11,1,1,TRUE,"delta_1"
"L8","L8_0.45_Feb23","L8_0.45_March23",2023-02-21,2023-03-28,35,"0","1",0.55,"Total (SOR)",2,11,12,1,1,TRUE,"delta_1"
"L8","L8_0.45_March23","L8_0.45_Apr23",2023-03-28,2023-05-03,36,"0","1",0.222929936305732,"Total (SOR)",3,12,13,1,1,TRUE,"delta_1"
"L9","L9_0.45_April22","L9_0.45_May22",2022-04-21,2022-05-19,28,"1","1",0.387096774193548,"Total (SOR)",4,1,2,1,1,TRUE,"delta_1"
"L9","L9_0.45_May22","L9_0.45_June22",2022-05-19,2022-06-23,35,"1","1",0.506172839506173,"Total (SOR)",5,2,3,1,1,TRUE,"delta_1"
"L9","L9_0.45_June22","L9_0.45B_July22",2022-06-23,2022-07-21,28,"1","1",0.467889908256881,"Total (SOR)",6,3,4,1,1,TRUE,"delta_1"
"L9","L9_0.45B_July22","L9_0.45_Aug22",2022-07-21,2022-08-18,28,"1","1",0.390625,"Total (SOR)",7,4,5,1,1,TRUE,"delta_1"
"L9","L9_0.45_Aug22","L9_0.45_Sept22",2022-08-18,2022-09-22,35,"1","1",0.333333333333333,"Total (SOR)",8,5,6,1,1,TRUE,"delta_1"
"L9","L9_0.45_Sept22","L9_0.45_Oct22",2022-09-22,2022-10-21,29,"1","1",0.702479338842975,"Total (SOR)",9,6,7,1,1,TRUE,"delta_1"
"L9","L9_0.45_Oct22","L9_0.45_Nov22",2022-10-21,2022-11-18,28,"1","1",0.696969696969697,"Total (SOR)",10,7,8,1,1,TRUE,"delta_1"
"L9","L9_0.45_Nov22","L9_0.45_Dec22",2022-11-18,2022-12-15,27,"1","1",0.4,"Total (SOR)",11,8,9,1,1,TRUE,"delta_1"
"L9","L9_0.45_Dec22","L9_0.45_Janv23",2022-12-15,2023-01-25,41,"1","1",0.647058823529412,"Total (SOR)",12,9,10,1,1,TRUE,"delta_1"
"L9","L9_0.45_Janv23","L9_0.45_Feb23",2023-01-25,2023-02-21,27,"1","1",0.538461538461538,"Total (SOR)",1,10,11,1,1,TRUE,"delta_1"
"L9","L9_0.45_Feb23","L9_0.45_March23",2023-02-21,2023-03-28,35,"1","1",0.807228915662651,"Total (SOR)",2,11,12,1,1,TRUE,"delta_1"
"L9","L9_0.45_March23","L9_0.45_Apr23",2023-03-28,2023-05-03,36,"1","1",0.282758620689655,"Total (SOR)",3,12,13,1,1,TRUE,"delta_1"
"L1","L1_0.45_April22","L1_0.45_May22",2022-04-21,2022-05-19,28,"0","1",0.5,"Turnover (SIM)",4,1,2,1,1,TRUE,"delta_1"
"L1","L1_0.45_May22","L1_0.45B_June22",2022-05-19,2022-06-23,35,"0","1",0.166666666666667,"Turnover (SIM)",5,2,3,1,1,TRUE,"delta_1"
"L1","L1_0.45B_June22","L1_0.45_July22",2022-06-23,2022-07-21,28,"0","1",0.297297297297297,"Turnover (SIM)",6,3,4,1,1,TRUE,"delta_1"
"L1","L1_0.45_July22","L1_0.45_Aug22",2022-07-21,2022-08-18,28,"0","1",0.545454545454545,"Turnover (SIM)",7,4,5,1,1,TRUE,"delta_1"
"L1","L1_0.45_Aug22","L1_0.45_Sept22",2022-08-18,2022-09-22,35,"0","1",0.242424242424242,"Turnover (SIM)",8,5,6,1,1,TRUE,"delta_1"
"L1","L1_0.45_Sept22","L1_0.45_Oct22",2022-09-22,2022-10-21,29,"0","1",0.327272727272727,"Turnover (SIM)",9,6,7,1,1,TRUE,"delta_1"
"L1","L1_0.45_Oct22","L1_0.45_Nov22",2022-10-21,2022-11-18,28,"0","1",0.181818181818182,"Turnover (SIM)",10,7,8,1,1,TRUE,"delta_1"
"L1","L1_0.45_Nov22","L1_0.45_Dec22",2022-11-18,2022-12-15,27,"0","1",0.152173913043478,"Turnover (SIM)",11,8,9,1,1,TRUE,"delta_1"
"L1","L1_0.45_Dec22","L1_0.45_Janv23",2022-12-15,2023-01-25,41,"0","1",0.217391304347826,"Turnover (SIM)",12,9,10,1,1,TRUE,"delta_1"
"L1","L1_0.45_Janv23","L1_0.45_Feb23",2023-01-25,2023-02-21,27,"0","1",0.169811320754717,"Turnover (SIM)",1,10,11,1,1,TRUE,"delta_1"
"L1","L1_0.45_Feb23","L1_0.45_March23",2023-02-21,2023-03-28,35,"0","1",0.229508196721311,"Turnover (SIM)",2,11,12,1,1,TRUE,"delta_1"
"L1","L1_0.45_March23","L1_0.45_Apr23",2023-03-28,2023-05-03,36,"0","1",0.41025641025641,"Turnover (SIM)",3,12,13,1,1,TRUE,"delta_1"
"L10","L10_0.45B_April22","L10_0.45_May22",2022-04-21,2022-05-19,28,"1","0",0.153846153846154,"Turnover (SIM)",4,1,2,1,1,TRUE,"delta_1"
"L10","L10_0.45_May22","L10_0.45_June22",2022-05-19,2022-06-23,35,"1","0",0.423076923076923,"Turnover (SIM)",5,2,3,1,1,TRUE,"delta_1"
"L10","L10_0.45_June22","L10_0.45_July22",2022-06-23,2022-07-21,28,"1","0",0.225806451612903,"Turnover (SIM)",6,3,4,1,1,TRUE,"delta_1"
"L10","L10_0.45_July22","L10_0.45_Aug22",2022-07-21,2022-08-18,28,"1","0",0.48,"Turnover (SIM)",7,4,5,1,1,TRUE,"delta_1"
"L10","L10_0.45_Aug22","L10_0.45_Sept22",2022-08-18,2022-09-22,35,"1","0",0.28,"Turnover (SIM)",8,5,6,1,1,TRUE,"delta_1"
"L10","L10_0.45_Sept22","L10_0.45_Oct22",2022-09-22,2022-10-21,29,"1","0",0.378378378378378,"Turnover (SIM)",9,6,7,1,1,TRUE,"delta_1"
"L10","L10_0.45_Oct22","L10_0.45_Nov22",2022-10-21,2022-11-18,28,"1","0",0.166666666666667,"Turnover (SIM)",10,7,8,1,1,TRUE,"delta_1"
"L10","L10_0.45_Nov22","L10_0.45_Dec22",2022-11-18,2022-12-15,27,"1","0",0,"Turnover (SIM)",11,8,9,1,1,TRUE,"delta_1"
"L10","L10_0.45_Dec22","L10_0.45_Janv23",2022-12-15,2023-01-25,41,"1","0",0.411764705882353,"Turnover (SIM)",12,9,10,1,1,TRUE,"delta_1"
"L10","L10_0.45_Janv23","L10_0.45_Feb23",2023-01-25,2023-02-21,27,"1","0",0.222222222222222,"Turnover (SIM)",1,10,11,1,1,TRUE,"delta_1"
"L10","L10_0.45_Feb23","L10_0.45_March23",2023-02-21,2023-03-28,35,"1","0",0.257142857142857,"Turnover (SIM)",2,11,12,1,1,TRUE,"delta_1"
"L10","L10_0.45_March23","L10_0.45_Apr23",2023-03-28,2023-05-03,36,"1","0",0.303571428571429,"Turnover (SIM)",3,12,13,1,1,TRUE,"delta_1"
"L11","L11_0.45_April22","L11_0.45_May22",2022-04-21,2022-05-19,28,"0","1",0.162162162162162,"Turnover (SIM)",4,1,2,1,1,TRUE,"delta_1"
"L11","L11_0.45_May22","L11_0.45_June22",2022-05-19,2022-06-23,35,"0","1",0.195652173913043,"Turnover (SIM)",5,2,3,1,1,TRUE,"delta_1"
"L11","L11_0.45_June22","L11_0.45_July22",2022-06-23,2022-07-21,28,"0","1",0.41304347826087,"Turnover (SIM)",6,3,4,1,1,TRUE,"delta_1"
"L11","L11_0.45_July22","L11_0.45_Aug22",2022-07-21,2022-08-18,28,"0","1",0.272727272727273,"Turnover (SIM)",7,4,5,1,1,TRUE,"delta_1"
"L11","L11_0.45_Aug22","L11_0.45B_Sept22",2022-08-18,2022-09-22,35,"0","1",0.151515151515152,"Turnover (SIM)",8,5,6,1,1,TRUE,"delta_1"
"L11","L11_0.45B_Sept22","L11_0.45_Oct22",2022-09-22,2022-10-21,29,"0","1",0.25,"Turnover (SIM)",9,6,7,1,1,TRUE,"delta_1"
"L11","L11_0.45_Oct22","L11_0.45_Nov22",2022-10-21,2022-11-18,28,"0","1",0.340909090909091,"Turnover (SIM)",10,7,8,1,1,TRUE,"delta_1"
"L11","L11_0.45_Nov22","L11_0.45_Dec22",2022-11-18,2022-12-15,27,"0","1",0.365853658536585,"Turnover (SIM)",11,8,9,1,1,TRUE,"delta_1"
"L11","L11_0.45_Dec22","L11_0.45_Janv23",2022-12-15,2023-01-25,41,"0","1",0.304347826086957,"Turnover (SIM)",12,9,10,1,1,TRUE,"delta_1"
"L11","L11_0.45_Janv23","L11_0.45_Feb23",2023-01-25,2023-02-21,27,"0","1",0.217391304347826,"Turnover (SIM)",1,10,11,1,1,TRUE,"delta_1"
"L11","L11_0.45_Feb23","L11_0.45_March23",2023-02-21,2023-03-28,35,"0","1",0.297872340425532,"Turnover (SIM)",2,11,12,1,1,TRUE,"delta_1"
"L11","L11_0.45_March23","L11_0.45_Apr23",2023-03-28,2023-05-03,36,"0","1",0.163934426229508,"Turnover (SIM)",3,12,13,1,1,TRUE,"delta_1"
"L12","L12_0.45_April22","L12_0.45_May22",2022-04-21,2022-05-19,28,"0","0",0.409090909090909,"Turnover (SIM)",4,1,2,1,1,TRUE,"delta_1"
"L12","L12_0.45_May22","L12_0.45_June22",2022-05-19,2022-06-23,35,"0","0",0.545454545454545,"Turnover (SIM)",5,2,3,1,1,TRUE,"delta_1"
"L12","L12_0.45_June22","L12_0.45_July22",2022-06-23,2022-07-21,28,"0","0",0.583333333333333,"Turnover (SIM)",6,3,4,1,1,TRUE,"delta_1"
"L12","L12_0.45_July22","L12_0.45_Aug22",2022-07-21,2022-08-18,28,"0","0",0.375,"Turnover (SIM)",7,4,5,1,1,TRUE,"delta_1"
"L12","L12_0.45_Aug22","L12_0.45_Monthly_Sept22",2022-08-18,2022-09-22,35,"0","0",0.372881355932203,"Turnover (SIM)",8,5,6,1,1,TRUE,"delta_1"
"L12","L12_0.45_Monthly_Sept22","L12_0.45_Oct22",2022-09-22,2022-10-21,29,"0","0",0.166666666666667,"Turnover (SIM)",9,6,7,1,1,TRUE,"delta_1"
"L12","L12_0.45_Oct22","L12_0.45_Nov22",2022-10-21,2022-11-18,28,"0","0",0.27027027027027,"Turnover (SIM)",10,7,8,1,1,TRUE,"delta_1"
"L12","L12_0.45_Nov22","L12_0.45B_Dec22",2022-11-18,2022-12-15,27,"0","0",0.324324324324324,"Turnover (SIM)",11,8,9,1,1,TRUE,"delta_1"
"L12","L12_0.45B_Dec22","L12_0.45_Janv23",2022-12-15,2023-01-25,41,"0","0",0.225806451612903,"Turnover (SIM)",12,9,10,1,1,TRUE,"delta_1"
"L12","L12_0.45_Janv23","L12_0.45_Feb23",2023-01-25,2023-02-21,27,"0","0",0.25,"Turnover (SIM)",1,10,11,1,1,TRUE,"delta_1"
"L12","L12_0.45_Feb23","L12_0.45_March23",2023-02-21,2023-03-28,35,"0","0",0.5,"Turnover (SIM)",2,11,12,1,1,TRUE,"delta_1"
"L12","L12_0.45_March23","L12_0.45_Apr23",2023-03-28,2023-05-03,36,"0","0",0.5,"Turnover (SIM)",3,12,13,1,1,TRUE,"delta_1"
"L2","L2_0.45_April22","L2_0.45_May22",2022-04-21,2022-05-19,28,"0","0",0.346153846153846,"Turnover (SIM)",4,1,2,1,1,TRUE,"delta_1"
"L2","L2_0.45_May22","L2_0.45_June22",2022-05-19,2022-06-23,35,"0","0",0.307692307692308,"Turnover (SIM)",5,2,3,1,1,TRUE,"delta_1"
"L2","L2_0.45_June22","L2_0.45_July22",2022-06-23,2022-07-21,28,"0","0",0.290322580645161,"Turnover (SIM)",6,3,4,1,1,TRUE,"delta_1"
"L2","L2_0.45_July22","L2_0.45_Aug22",2022-07-21,2022-08-18,28,"0","0",0.0967741935483871,"Turnover (SIM)",7,4,5,1,1,TRUE,"delta_1"
"L2","L2_0.45_Aug22","L2_0.45_Sept22",2022-08-18,2022-09-22,35,"0","0",0.227272727272727,"Turnover (SIM)",8,5,6,1,1,TRUE,"delta_1"
"L2","L2_0.45_Sept22","L2_0.45B_Oct22",2022-09-22,2022-10-21,29,"0","0",0.284090909090909,"Turnover (SIM)",9,6,7,1,1,TRUE,"delta_1"
"L2","L2_0.45B_Oct22","L2_0.45_Nov22",2022-10-21,2022-11-18,28,"0","0",0.295774647887324,"Turnover (SIM)",10,7,8,1,1,TRUE,"delta_1"
"L2","L2_0.45_Nov22","L2_0.45B_Janv23",2022-11-18,2023-01-25,68,"0","0",0.366197183098592,"Turnover (SIM)",11,8,9,1,2,TRUE,"delta_2"
"L2","L2_0.45B_Janv23","L2_0.45_Feb23",2023-01-25,2023-02-21,27,"0","0",0.208333333333333,"Turnover (SIM)",1,9,10,1,1,TRUE,"delta_1"
"L2","L2_0.45_Feb23","L2_0.45_March23",2023-02-21,2023-03-28,35,"0","0",0.125,"Turnover (SIM)",2,10,11,1,1,TRUE,"delta_1"
"L2","L2_0.45_March23","L2_0.45_Apr23",2023-03-28,2023-05-03,36,"0","0",0.08,"Turnover (SIM)",3,11,12,1,1,TRUE,"delta_1"
"L3","L3_0.45_April22","L3_0.45_May22",2022-04-21,2022-05-19,28,"1","1",0.5,"Turnover (SIM)",4,1,2,1,1,TRUE,"delta_1"
"L3","L3_0.45_May22","L3_0.45_June22",2022-05-19,2022-06-23,35,"1","1",0.431818181818182,"Turnover (SIM)",5,2,3,1,1,TRUE,"delta_1"
"L3","L3_0.45_June22","L3_0.45_July22",2022-06-23,2022-07-21,28,"1","1",0.340425531914894,"Turnover (SIM)",6,3,4,1,1,TRUE,"delta_1"
"L3","L3_0.45_July22","L3_0.45_Aug22",2022-07-21,2022-08-18,28,"1","1",0.48936170212766,"Turnover (SIM)",7,4,5,1,1,TRUE,"delta_1"
"L3","L3_0.45_Aug22","L3_0.45_Sept22",2022-08-18,2022-09-22,35,"1","1",0.309090909090909,"Turnover (SIM)",8,5,6,1,1,TRUE,"delta_1"
"L3","L3_0.45_Sept22","L3_0.45_Oct22",2022-09-22,2022-10-21,29,"1","1",0.4375,"Turnover (SIM)",9,6,7,1,1,TRUE,"delta_1"
"L3","L3_0.45_Oct22","L3_0.45_Nov22",2022-10-21,2022-11-18,28,"1","1",0.21875,"Turnover (SIM)",10,7,8,1,1,TRUE,"delta_1"
"L3","L3_0.45_Nov22","L3_0.45_Dec22",2022-11-18,2022-12-15,27,"1","1",0.153846153846154,"Turnover (SIM)",11,8,9,1,1,TRUE,"delta_1"
"L3","L3_0.45_Dec22","L3_0.45_Janv23",2022-12-15,2023-01-25,41,"1","1",0.153846153846154,"Turnover (SIM)",12,9,10,1,1,TRUE,"delta_1"
"L3","L3_0.45_Janv23","L3_0.45_Feb23",2023-01-25,2023-02-21,27,"1","1",0.224137931034483,"Turnover (SIM)",1,10,11,1,1,TRUE,"delta_1"
"L3","L3_0.45_Feb23","L3_0.45_March23",2023-02-21,2023-03-28,35,"1","1",0.270833333333333,"Turnover (SIM)",2,11,12,1,1,TRUE,"delta_1"
"L3","L3_0.45_March23","L3_0.45B_Apr23",2023-03-28,2023-05-03,36,"1","1",0.235294117647059,"Turnover (SIM)",3,12,13,1,1,TRUE,"delta_1"
"L4","L4_0.45_April22","L4_0.45_May22",2022-04-21,2022-05-19,28,"1","0",0.346938775510204,"Turnover (SIM)",4,1,2,1,1,TRUE,"delta_1"
"L4","L4_0.45_May22","L4_0.45_June22",2022-05-19,2022-06-23,35,"1","0",0.390243902439024,"Turnover (SIM)",5,2,3,1,1,TRUE,"delta_1"
"L4","L4_0.45_June22","L4_0.45_July22",2022-06-23,2022-07-21,28,"1","0",0.45,"Turnover (SIM)",6,3,4,1,1,TRUE,"delta_1"
"L4","L4_0.45_July22","L4_0.45_Aug22",2022-07-21,2022-08-18,28,"1","0",0.379310344827586,"Turnover (SIM)",7,4,5,1,1,TRUE,"delta_1"
"L4","L4_0.45_Aug22","L4_0.45_Sept22",2022-08-18,2022-09-22,35,"1","0",0.275862068965517,"Turnover (SIM)",8,5,6,1,1,TRUE,"delta_1"
"L4","L4_0.45_Sept22","L4_0.45_Oct22",2022-09-22,2022-10-21,29,"1","0",0.402777777777778,"Turnover (SIM)",9,6,7,1,1,TRUE,"delta_1"
"L4","L4_0.45_Oct22","L4_0.45_Nov22",2022-10-21,2022-11-18,28,"1","0",0.36,"Turnover (SIM)",10,7,8,1,1,TRUE,"delta_1"
"L4","L4_0.45_Nov22","L4_0.45_Dec22",2022-11-18,2022-12-15,27,"1","0",0.326923076923077,"Turnover (SIM)",11,8,9,1,1,TRUE,"delta_1"
"L4","L4_0.45_Dec22","L4_0.45_Janv23",2022-12-15,2023-01-25,41,"1","0",0.282608695652174,"Turnover (SIM)",12,9,10,1,1,TRUE,"delta_1"
"L4","L4_0.45_Janv23","L4_0.45_Feb23",2023-01-25,2023-02-21,27,"1","0",0.326086956521739,"Turnover (SIM)",1,10,11,1,1,TRUE,"delta_1"
"L4","L4_0.45_Feb23","L4_0.45B_March23",2023-02-21,2023-03-28,35,"1","0",0.407407407407407,"Turnover (SIM)",2,11,12,1,1,TRUE,"delta_1"
"L4","L4_0.45B_March23","L4_0.45_Apr23",2023-03-28,2023-05-03,36,"1","0",0.185185185185185,"Turnover (SIM)",3,12,13,1,1,TRUE,"delta_1"
"L5","L5_0.45_April22","L5_0.45_May22",2022-04-21,2022-05-19,28,"1","0",0.439024390243902,"Turnover (SIM)",4,1,2,1,1,TRUE,"delta_1"
"L5","L5_0.45_May22","L5_0.45_June22",2022-05-19,2022-06-23,35,"1","0",0.439024390243902,"Turnover (SIM)",5,2,3,1,1,TRUE,"delta_1"
"L5","L5_0.45_June22","L5_0.45_July22",2022-06-23,2022-07-21,28,"1","0",0.244897959183673,"Turnover (SIM)",6,3,4,1,1,TRUE,"delta_1"
"L5","L5_0.45_July22","L5_0.45B_Aug22",2022-07-21,2022-08-18,28,"1","0",0.355263157894737,"Turnover (SIM)",7,4,5,1,1,TRUE,"delta_1"
"L5","L5_0.45B_Aug22","L5_0.45_Sept22",2022-08-18,2022-09-22,35,"1","0",0.413793103448276,"Turnover (SIM)",8,5,6,1,1,TRUE,"delta_1"
"L5","L5_0.45_Sept22","L5_0.45_Oct22",2022-09-22,2022-10-21,29,"1","0",0.620689655172414,"Turnover (SIM)",9,6,7,1,1,TRUE,"delta_1"
"L5","L5_0.45_Oct22","L5_0.45_Nov22",2022-10-21,2022-11-18,28,"1","0",0.447368421052632,"Turnover (SIM)",10,7,8,1,1,TRUE,"delta_1"
"L5","L5_0.45_Nov22","L5_0.45_Dec22",2022-11-18,2022-12-15,27,"1","0",0.363636363636364,"Turnover (SIM)",11,8,9,1,1,TRUE,"delta_1"
"L5","L5_0.45_Dec22","L5_0.45_Janv23",2022-12-15,2023-01-25,41,"1","0",0.181818181818182,"Turnover (SIM)",12,9,10,1,1,TRUE,"delta_1"
"L5","L5_0.45_Janv23","L5_0.45_Feb23",2023-01-25,2023-02-21,27,"1","0",0.212765957446809,"Turnover (SIM)",1,10,11,1,1,TRUE,"delta_1"
"L5","L5_0.45_Feb23","L5_0.45_March23",2023-02-21,2023-03-28,35,"1","0",0.296296296296296,"Turnover (SIM)",2,11,12,1,1,TRUE,"delta_1"
"L5","L5_0.45_March23","L5_0.45_Apr23",2023-03-28,2023-05-03,36,"1","0",0.350877192982456,"Turnover (SIM)",3,12,13,1,1,TRUE,"delta_1"
"L6","L6_0.45_April22","L6_0.45B_May22",2022-04-21,2022-05-19,28,"1","1",0.293103448275862,"Turnover (SIM)",4,1,2,1,1,TRUE,"delta_1"
"L6","L6_0.45B_May22","L6_0.45_June22",2022-05-19,2022-06-23,35,"1","1",0.406779661016949,"Turnover (SIM)",5,2,3,1,1,TRUE,"delta_1"
"L6","L6_0.45_June22","L6_0.45_July22",2022-06-23,2022-07-21,28,"1","1",0.27027027027027,"Turnover (SIM)",6,3,4,1,1,TRUE,"delta_1"
"L6","L6_0.45_July22","L6_0.45_Aug22",2022-07-21,2022-08-18,28,"1","1",0.189189189189189,"Turnover (SIM)",7,4,5,1,1,TRUE,"delta_1"
"L6","L6_0.45_Aug22","L6_0.45_Sept22",2022-08-18,2022-09-22,35,"1","1",0.244444444444444,"Turnover (SIM)",8,5,6,1,1,TRUE,"delta_1"
"L6","L6_0.45_Sept22","L6_0.45_Oct22",2022-09-22,2022-10-21,29,"1","1",0.375,"Turnover (SIM)",9,6,7,1,1,TRUE,"delta_1"
"L6","L6_0.45_Oct22","L6_0.45_Nov22",2022-10-21,2022-11-18,28,"1","1",0.35,"Turnover (SIM)",10,7,8,1,1,TRUE,"delta_1"
"L6","L6_0.45_Nov22","L6_0.45_Dec22",2022-11-18,2022-12-15,27,"1","1",0.333333333333333,"Turnover (SIM)",11,8,9,1,1,TRUE,"delta_1"
"L6","L6_0.45_Dec22","L6_0.45_Janv23",2022-12-15,2023-01-25,41,"1","1",0.0909090909090909,"Turnover (SIM)",12,9,10,1,1,TRUE,"delta_1"
"L6","L6_0.45_Janv23","L6_0.45_Feb23",2023-01-25,2023-02-21,27,"1","1",0.333333333333333,"Turnover (SIM)",1,10,11,1,1,TRUE,"delta_1"
"L6","L6_0.45_Feb23","L6_0.45_March23",2023-02-21,2023-03-28,35,"1","1",0.555555555555556,"Turnover (SIM)",2,11,12,1,1,TRUE,"delta_1"
"L6","L6_0.45_March23","L6_0.45_Apr23",2023-03-28,2023-05-03,36,"1","1",0.461538461538462,"Turnover (SIM)",3,12,13,1,1,TRUE,"delta_1"
"L7","L7_0.45_April22","L7_0.45_May22",2022-04-21,2022-05-19,28,"0","0",0.470588235294118,"Turnover (SIM)",4,1,2,1,1,TRUE,"delta_1"
"L7","L7_0.45_May22","L7_0.45_June22",2022-05-19,2022-06-23,35,"0","0",0.294117647058824,"Turnover (SIM)",5,2,3,1,1,TRUE,"delta_1"
"L7","L7_0.45_June22","L7_0.45_July22",2022-06-23,2022-07-21,28,"0","0",0.5,"Turnover (SIM)",6,3,4,1,1,TRUE,"delta_1"
"L7","L7_0.45_July22","L7_0.45_Aug22",2022-07-21,2022-08-18,28,"0","0",0.242424242424242,"Turnover (SIM)",7,4,5,1,1,TRUE,"delta_1"
"L7","L7_0.45_Aug22","L7_0.45_Sept22",2022-08-18,2022-09-22,35,"0","0",0.2,"Turnover (SIM)",8,5,6,1,1,TRUE,"delta_1"
"L7","L7_0.45_Sept22","L7_0.45_Oct22",2022-09-22,2022-10-21,29,"0","0",0.222222222222222,"Turnover (SIM)",9,6,7,1,1,TRUE,"delta_1"
"L7","L7_0.45_Oct22","L7_0.45_Nov22",2022-10-21,2022-11-18,28,"0","0",0.222222222222222,"Turnover (SIM)",10,7,8,1,1,TRUE,"delta_1"
"L7","L7_0.45_Nov22","L7_0.45_Dec22",2022-11-18,2022-12-15,27,"0","0",0.272727272727273,"Turnover (SIM)",11,8,9,1,1,TRUE,"delta_1"
"L7","L7_0.45_Dec22","L7_0.45_Janv23",2022-12-15,2023-01-25,41,"0","0",0.333333333333333,"Turnover (SIM)",12,9,10,1,1,TRUE,"delta_1"
"L7","L7_0.45_Janv23","L7_0.45B_Feb23",2023-01-25,2023-02-21,27,"0","0",0.2,"Turnover (SIM)",1,10,11,1,1,TRUE,"delta_1"
"L7","L7_0.45B_Feb23","L7_0.45_March23",2023-02-21,2023-03-28,35,"0","0",0.246153846153846,"Turnover (SIM)",2,11,12,1,1,TRUE,"delta_1"
"L7","L7_0.45_March23","L7_0.45_Apr23",2023-03-28,2023-05-03,36,"0","0",0.219512195121951,"Turnover (SIM)",3,12,13,1,1,TRUE,"delta_1"
"L8","L8_0.45_April22","L8_0.45_May22",2022-04-21,2022-05-19,28,"0","1",0.368421052631579,"Turnover (SIM)",4,1,2,1,1,TRUE,"delta_1"
"L8","L8_0.45_May22","L8_0.45_June22",2022-05-19,2022-06-23,35,"0","1",0.333333333333333,"Turnover (SIM)",5,2,3,1,1,TRUE,"delta_1"
"L8","L8_0.45_June22","L8_0.45_July22",2022-06-23,2022-07-21,28,"0","1",0.611111111111111,"Turnover (SIM)",6,3,4,1,1,TRUE,"delta_1"
"L8","L8_0.45_July22","L8_0.45_Aug22",2022-07-21,2022-08-18,28,"0","1",0.538461538461538,"Turnover (SIM)",7,4,5,1,1,TRUE,"delta_1"
"L8","L8_0.45_Aug22","L8_0.45_Sept22",2022-08-18,2022-09-22,35,"0","1",0.285714285714286,"Turnover (SIM)",8,5,6,1,1,TRUE,"delta_1"
"L8","L8_0.45_Sept22","L8_0.45_Oct22",2022-09-22,2022-10-21,29,"0","1",0.431818181818182,"Turnover (SIM)",9,6,7,1,1,TRUE,"delta_1"
"L8","L8_0.45_Oct22","L8_0.45B_Nov22",2022-10-21,2022-11-18,28,"0","1",0.2,"Turnover (SIM)",10,7,8,1,1,TRUE,"delta_1"
"L8","L8_0.45B_Nov22","L8_0.45_Dec22",2022-11-18,2022-12-15,27,"0","1",0.280701754385965,"Turnover (SIM)",11,8,9,1,1,TRUE,"delta_1"
"L8","L8_0.45_Dec22","L8_0.45_Janv23",2022-12-15,2023-01-25,41,"0","1",0.285714285714286,"Turnover (SIM)",12,9,10,1,1,TRUE,"delta_1"
"L8","L8_0.45_Janv23","L8_0.45_Feb23",2023-01-25,2023-02-21,27,"0","1",0.357142857142857,"Turnover (SIM)",1,10,11,1,1,TRUE,"delta_1"
"L8","L8_0.45_Feb23","L8_0.45_March23",2023-02-21,2023-03-28,35,"0","1",0.25,"Turnover (SIM)",2,11,12,1,1,TRUE,"delta_1"
"L8","L8_0.45_March23","L8_0.45_Apr23",2023-03-28,2023-05-03,36,"0","1",0.164383561643836,"Turnover (SIM)",3,12,13,1,1,TRUE,"delta_1"
"L9","L9_0.45_April22","L9_0.45_May22",2022-04-21,2022-05-19,28,"1","1",0.344827586206897,"Turnover (SIM)",4,1,2,1,1,TRUE,"delta_1"
"L9","L9_0.45_May22","L9_0.45_June22",2022-05-19,2022-06-23,35,"1","1",0.393939393939394,"Turnover (SIM)",5,2,3,1,1,TRUE,"delta_1"
"L9","L9_0.45_June22","L9_0.45B_July22",2022-06-23,2022-07-21,28,"1","1",0.395833333333333,"Turnover (SIM)",6,3,4,1,1,TRUE,"delta_1"
"L9","L9_0.45B_July22","L9_0.45_Aug22",2022-07-21,2022-08-18,28,"1","1",0.360655737704918,"Turnover (SIM)",7,4,5,1,1,TRUE,"delta_1"
"L9","L9_0.45_Aug22","L9_0.45_Sept22",2022-08-18,2022-09-22,35,"1","1",0.194029850746269,"Turnover (SIM)",8,5,6,1,1,TRUE,"delta_1"
"L9","L9_0.45_Sept22","L9_0.45_Oct22",2022-09-22,2022-10-21,29,"1","1",0.307692307692308,"Turnover (SIM)",9,6,7,1,1,TRUE,"delta_1"
"L9","L9_0.45_Oct22","L9_0.45_Nov22",2022-10-21,2022-11-18,28,"1","1",0.285714285714286,"Turnover (SIM)",10,7,8,1,1,TRUE,"delta_1"
"L9","L9_0.45_Nov22","L9_0.45_Dec22",2022-11-18,2022-12-15,27,"1","1",0.142857142857143,"Turnover (SIM)",11,8,9,1,1,TRUE,"delta_1"
"L9","L9_0.45_Dec22","L9_0.45_Janv23",2022-12-15,2023-01-25,41,"1","1",0.25,"Turnover (SIM)",12,9,10,1,1,TRUE,"delta_1"
"L9","L9_0.45_Janv23","L9_0.45_Feb23",2023-01-25,2023-02-21,27,"1","1",0.25,"Turnover (SIM)",1,10,11,1,1,TRUE,"delta_1"
"L9","L9_0.45_Feb23","L9_0.45_March23",2023-02-21,2023-03-28,35,"1","1",0.111111111111111,"Turnover (SIM)",2,11,12,1,1,TRUE,"delta_1"
"L9","L9_0.45_March23","L9_0.45_Apr23",2023-03-28,2023-05-03,36,"1","1",0.267605633802817,"Turnover (SIM)",3,12,13,1,1,TRUE,"delta_1"
"L1","L1_0.45_April22","L1_0.45_May22",2022-04-21,2022-05-19,28,"0","1",0.0636363636363636,"Nestedness (SNE)",4,1,2,1,1,TRUE,"delta_1"
"L1","L1_0.45_May22","L1_0.45B_June22",2022-05-19,2022-06-23,35,"0","1",0.357142857142857,"Nestedness (SNE)",5,2,3,1,1,TRUE,"delta_1"
"L1","L1_0.45B_June22","L1_0.45_July22",2022-06-23,2022-07-21,28,"0","1",0.166620228475899,"Nestedness (SNE)",6,3,4,1,1,TRUE,"delta_1"
"L1","L1_0.45_July22","L1_0.45_Aug22",2022-07-21,2022-08-18,28,"0","1",0.025974025974026,"Nestedness (SNE)",7,4,5,1,1,TRUE,"delta_1"
"L1","L1_0.45_Aug22","L1_0.45_Sept22",2022-08-18,2022-09-22,35,"0","1",0.236742424242424,"Nestedness (SNE)",8,5,6,1,1,TRUE,"delta_1"
"L1","L1_0.45_Sept22","L1_0.45_Oct22",2022-09-22,2022-10-21,29,"0","1",0.0456086286594761,"Nestedness (SNE)",9,6,7,1,1,TRUE,"delta_1"
"L1","L1_0.45_Oct22","L1_0.45_Nov22",2022-10-21,2022-11-18,28,"0","1",0.218181818181818,"Nestedness (SNE)",10,7,8,1,1,TRUE,"delta_1"
"L1","L1_0.45_Nov22","L1_0.45_Dec22",2022-11-18,2022-12-15,27,"0","1",0.29463459759482,"Nestedness (SNE)",11,8,9,1,1,TRUE,"delta_1"
"L1","L1_0.45_Dec22","L1_0.45_Janv23",2022-12-15,2023-01-25,41,"0","1",0.0553359683794466,"Nestedness (SNE)",12,9,10,1,1,TRUE,"delta_1"
"L1","L1_0.45_Janv23","L1_0.45_Feb23",2023-01-25,2023-02-21,27,"0","1",0.0582588546838795,"Nestedness (SNE)",1,10,11,1,1,TRUE,"delta_1"
"L1","L1_0.45_Feb23","L1_0.45_March23",2023-02-21,2023-03-28,35,"0","1",0,"Nestedness (SNE)",2,11,12,1,1,TRUE,"delta_1"
"L1","L1_0.45_March23","L1_0.45_Apr23",2023-03-28,2023-05-03,36,"0","1",0.12974358974359,"Nestedness (SNE)",3,12,13,1,1,TRUE,"delta_1"
"L10","L10_0.45B_April22","L10_0.45_May22",2022-04-21,2022-05-19,28,"1","0",0.438746438746439,"Nestedness (SNE)",4,1,2,1,1,TRUE,"delta_1"
"L10","L10_0.45_May22","L10_0.45_June22",2022-05-19,2022-06-23,35,"1","0",0.247252747252747,"Nestedness (SNE)",5,2,3,1,1,TRUE,"delta_1"
"L10","L10_0.45_June22","L10_0.45_July22",2022-06-23,2022-07-21,28,"1","0",0.274193548387097,"Nestedness (SNE)",6,3,4,1,1,TRUE,"delta_1"
"L10","L10_0.45_July22","L10_0.45_Aug22",2022-07-21,2022-08-18,28,"1","0",0.0557142857142857,"Nestedness (SNE)",7,4,5,1,1,TRUE,"delta_1"
"L10","L10_0.45_Aug22","L10_0.45_Sept22",2022-08-18,2022-09-22,35,"1","0",0.367058823529412,"Nestedness (SNE)",8,5,6,1,1,TRUE,"delta_1"
"L10","L10_0.45_Sept22","L10_0.45_Oct22",2022-09-22,2022-10-21,29,"1","0",0.0123500984428137,"Nestedness (SNE)",9,6,7,1,1,TRUE,"delta_1"
"L10","L10_0.45_Oct22","L10_0.45_Nov22",2022-10-21,2022-11-18,28,"1","0",0.60077519379845,"Nestedness (SNE)",10,7,8,1,1,TRUE,"delta_1"
"L10","L10_0.45_Nov22","L10_0.45_Dec22",2022-11-18,2022-12-15,27,"1","0",0.172413793103448,"Nestedness (SNE)",11,8,9,1,1,TRUE,"delta_1"
"L10","L10_0.45_Dec22","L10_0.45_Janv23",2022-12-15,2023-01-25,41,"1","0",0.133689839572193,"Nestedness (SNE)",12,9,10,1,1,TRUE,"delta_1"
"L10","L10_0.45_Janv23","L10_0.45_Feb23",2023-01-25,2023-02-21,27,"1","0",0.100358422939068,"Nestedness (SNE)",1,10,11,1,1,TRUE,"delta_1"
"L10","L10_0.45_Feb23","L10_0.45_March23",2023-02-21,2023-03-28,35,"1","0",0.177639751552795,"Nestedness (SNE)",2,11,12,1,1,TRUE,"delta_1"
"L10","L10_0.45_March23","L10_0.45_Apr23",2023-03-28,2023-05-03,36,"1","0",0.00616308470290771,"Nestedness (SNE)",3,12,13,1,1,TRUE,"delta_1"
"L11","L11_0.45_April22","L11_0.45_May22",2022-04-21,2022-05-19,28,"0","1",0.312414109024279,"Nestedness (SNE)",4,1,2,1,1,TRUE,"delta_1"
"L11","L11_0.45_May22","L11_0.45_June22",2022-05-19,2022-06-23,35,"0","1",0.221670660732626,"Nestedness (SNE)",5,2,3,1,1,TRUE,"delta_1"
"L11","L11_0.45_June22","L11_0.45_July22",2022-06-23,2022-07-21,28,"0","1",0.0726708074534162,"Nestedness (SNE)",6,3,4,1,1,TRUE,"delta_1"
"L11","L11_0.45_July22","L11_0.45_Aug22",2022-07-21,2022-08-18,28,"0","1",0.205533596837945,"Nestedness (SNE)",7,4,5,1,1,TRUE,"delta_1"
"L11","L11_0.45_Aug22","L11_0.45B_Sept22",2022-08-18,2022-09-22,35,"0","1",0.410984848484849,"Nestedness (SNE)",8,5,6,1,1,TRUE,"delta_1"
"L11","L11_0.45B_Sept22","L11_0.45_Oct22",2022-09-22,2022-10-21,29,"0","1",0.193708609271523,"Nestedness (SNE)",9,6,7,1,1,TRUE,"delta_1"
"L11","L11_0.45_Oct22","L11_0.45_Nov22",2022-10-21,2022-11-18,28,"0","1",0.0790909090909091,"Nestedness (SNE)",10,7,8,1,1,TRUE,"delta_1"
"L11","L11_0.45_Nov22","L11_0.45_Dec22",2022-11-18,2022-12-15,27,"0","1",0.0223816355810617,"Nestedness (SNE)",11,8,9,1,1,TRUE,"delta_1"
"L11","L11_0.45_Dec22","L11_0.45_Janv23",2022-12-15,2023-01-25,41,"0","1",0.195652173913043,"Nestedness (SNE)",12,9,10,1,1,TRUE,"delta_1"
"L11","L11_0.45_Janv23","L11_0.45_Feb23",2023-01-25,2023-02-21,27,"0","1",0.26832298136646,"Nestedness (SNE)",1,10,11,1,1,TRUE,"delta_1"
"L11","L11_0.45_Feb23","L11_0.45_March23",2023-02-21,2023-03-28,35,"0","1",0.091016548463357,"Nestedness (SNE)",2,11,12,1,1,TRUE,"delta_1"
"L11","L11_0.45_March23","L11_0.45_Apr23",2023-03-28,2023-05-03,36,"0","1",0.0969351389878831,"Nestedness (SNE)",3,12,13,1,1,TRUE,"delta_1"
"L12","L12_0.45_April22","L12_0.45_May22",2022-04-21,2022-05-19,28,"0","0",0.109427609427609,"Nestedness (SNE)",4,1,2,1,1,TRUE,"delta_1"
"L12","L12_0.45_May22","L12_0.45_June22",2022-05-19,2022-06-23,35,"0","0",0.0197628458498024,"Nestedness (SNE)",5,2,3,1,1,TRUE,"delta_1"
"L12","L12_0.45_June22","L12_0.45_July22",2022-06-23,2022-07-21,28,"0","0",0,"Nestedness (SNE)",6,3,4,1,1,TRUE,"delta_1"
"L12","L12_0.45_July22","L12_0.45_Aug22",2022-07-21,2022-08-18,28,"0","0",0.26355421686747,"Nestedness (SNE)",7,4,5,1,1,TRUE,"delta_1"
"L12","L12_0.45_Aug22","L12_0.45_Monthly_Sept22",2022-08-18,2022-09-22,35,"0","0",0.00526990457199829,"Nestedness (SNE)",8,5,6,1,1,TRUE,"delta_1"
"L12","L12_0.45_Monthly_Sept22","L12_0.45_Oct22",2022-09-22,2022-10-21,29,"0","0",0.153061224489796,"Nestedness (SNE)",9,6,7,1,1,TRUE,"delta_1"
"L12","L12_0.45_Oct22","L12_0.45_Nov22",2022-10-21,2022-11-18,28,"0","0",0.294245858761988,"Nestedness (SNE)",10,7,8,1,1,TRUE,"delta_1"
"L12","L12_0.45_Nov22","L12_0.45B_Dec22",2022-11-18,2022-12-15,27,"0","0",0.0874403815580286,"Nestedness (SNE)",11,8,9,1,1,TRUE,"delta_1"
"L12","L12_0.45B_Dec22","L12_0.45_Janv23",2022-12-15,2023-01-25,41,"0","0",0.166598611678236,"Nestedness (SNE)",12,9,10,1,1,TRUE,"delta_1"
"L12","L12_0.45_Janv23","L12_0.45_Feb23",2023-01-25,2023-02-21,27,"0","0",0.038135593220339,"Nestedness (SNE)",1,10,11,1,1,TRUE,"delta_1"
"L12","L12_0.45_Feb23","L12_0.45_March23",2023-02-21,2023-03-28,35,"0","0",0.2,"Nestedness (SNE)",2,11,12,1,1,TRUE,"delta_1"
"L12","L12_0.45_March23","L12_0.45_Apr23",2023-03-28,2023-05-03,36,"0","0",0.239130434782609,"Nestedness (SNE)",3,12,13,1,1,TRUE,"delta_1"
"L2","L2_0.45_April22","L2_0.45_May22",2022-04-21,2022-05-19,28,"0","0",0.23921200750469,"Nestedness (SNE)",4,1,2,1,1,TRUE,"delta_1"
"L2","L2_0.45_May22","L2_0.45_June22",2022-05-19,2022-06-23,35,"0","0",0.28781331028522,"Nestedness (SNE)",5,2,3,1,1,TRUE,"delta_1"
"L2","L2_0.45_June22","L2_0.45_July22",2022-06-23,2022-07-21,28,"0","0",0.24159231297186,"Nestedness (SNE)",6,3,4,1,1,TRUE,"delta_1"
"L2","L2_0.45_July22","L2_0.45_Aug22",2022-07-21,2022-08-18,28,"0","0",0.485315358690419,"Nestedness (SNE)",7,4,5,1,1,TRUE,"delta_1"
"L2","L2_0.45_Aug22","L2_0.45_Sept22",2022-08-18,2022-09-22,35,"0","0",0.0606853879105188,"Nestedness (SNE)",8,5,6,1,1,TRUE,"delta_1"
"L2","L2_0.45_Sept22","L2_0.45B_Oct22",2022-09-22,2022-10-21,29,"0","0",0.00804392236976507,"Nestedness (SNE)",9,6,7,1,1,TRUE,"delta_1"
"L2","L2_0.45B_Oct22","L2_0.45_Nov22",2022-10-21,2022-11-18,28,"0","0",0.0831073396903158,"Nestedness (SNE)",10,7,8,1,1,TRUE,"delta_1"
"L2","L2_0.45_Nov22","L2_0.45B_Janv23",2022-11-18,2023-01-25,68,"0","0",0.00880281690140845,"Nestedness (SNE)",11,8,9,1,2,TRUE,"delta_2"
"L2","L2_0.45B_Janv23","L2_0.45_Feb23",2023-01-25,2023-02-21,27,"0","0",0.163567493112948,"Nestedness (SNE)",1,9,10,1,1,TRUE,"delta_1"
"L2","L2_0.45_Feb23","L2_0.45_March23",2023-02-21,2023-03-28,35,"0","0",0.118243243243243,"Nestedness (SNE)",2,10,11,1,1,TRUE,"delta_1"
"L2","L2_0.45_March23","L2_0.45_Apr23",2023-03-28,2023-05-03,36,"0","0",0.397272727272727,"Nestedness (SNE)",3,11,12,1,1,TRUE,"delta_1"
"L3","L3_0.45_April22","L3_0.45_May22",2022-04-21,2022-05-19,28,"1","1",0,"Nestedness (SNE)",4,1,2,1,1,TRUE,"delta_1"
"L3","L3_0.45_May22","L3_0.45_June22",2022-05-19,2022-06-23,35,"1","1",0.0362669245647969,"Nestedness (SNE)",5,2,3,1,1,TRUE,"delta_1"
"L3","L3_0.45_June22","L3_0.45_July22",2022-06-23,2022-07-21,28,"1","1",0.0203992103531476,"Nestedness (SNE)",6,3,4,1,1,TRUE,"delta_1"
"L3","L3_0.45_July22","L3_0.45_Aug22",2022-07-21,2022-08-18,28,"1","1",0.0400500625782228,"Nestedness (SNE)",7,4,5,1,1,TRUE,"delta_1"
"L3","L3_0.45_Aug22","L3_0.45_Sept22",2022-08-18,2022-09-22,35,"1","1",0.0300395256916996,"Nestedness (SNE)",8,5,6,1,1,TRUE,"delta_1"
"L3","L3_0.45_Sept22","L3_0.45_Oct22",2022-09-22,2022-10-21,29,"1","1",0.171195652173913,"Nestedness (SNE)",9,6,7,1,1,TRUE,"delta_1"
"L3","L3_0.45_Oct22","L3_0.45_Nov22",2022-10-21,2022-11-18,28,"1","1",0.40531015037594,"Nestedness (SNE)",10,7,8,1,1,TRUE,"delta_1"
"L3","L3_0.45_Nov22","L3_0.45_Dec22",2022-11-18,2022-12-15,27,"1","1",0.374725274725275,"Nestedness (SNE)",11,8,9,1,1,TRUE,"delta_1"
"L3","L3_0.45_Dec22","L3_0.45_Janv23",2022-12-15,2023-01-25,41,"1","1",0.179487179487179,"Nestedness (SNE)",12,9,10,1,1,TRUE,"delta_1"
"L3","L3_0.45_Janv23","L3_0.45_Feb23",2023-01-25,2023-02-21,27,"1","1",0.0131502045587376,"Nestedness (SNE)",1,10,11,1,1,TRUE,"delta_1"
"L3","L3_0.45_Feb23","L3_0.45_March23",2023-02-21,2023-03-28,35,"1","1",0.0687893081761006,"Nestedness (SNE)",2,11,12,1,1,TRUE,"delta_1"
"L3","L3_0.45_March23","L3_0.45B_Apr23",2023-03-28,2023-05-03,36,"1","1",0.364705882352941,"Nestedness (SNE)",3,12,13,1,1,TRUE,"delta_1"
"L4","L4_0.45_April22","L4_0.45_May22",2022-04-21,2022-05-19,28,"1","0",0.0816326530612245,"Nestedness (SNE)",4,1,2,1,1,TRUE,"delta_1"
"L4","L4_0.45_May22","L4_0.45_June22",2022-05-19,2022-06-23,35,"1","0",0.0542005420054201,"Nestedness (SNE)",5,2,3,1,1,TRUE,"delta_1"
"L4","L4_0.45_June22","L4_0.45_July22",2022-06-23,2022-07-21,28,"1","0",0.00679012345679012,"Nestedness (SNE)",6,3,4,1,1,TRUE,"delta_1"
"L4","L4_0.45_July22","L4_0.45_Aug22",2022-07-21,2022-08-18,28,"1","0",0.0989505247376312,"Nestedness (SNE)",7,4,5,1,1,TRUE,"delta_1"
"L4","L4_0.45_Aug22","L4_0.45_Sept22",2022-08-18,2022-09-22,35,"1","0",0.308296346876067,"Nestedness (SNE)",8,5,6,1,1,TRUE,"delta_1"
"L4","L4_0.45_Sept22","L4_0.45_Oct22",2022-09-22,2022-10-21,29,"1","0",0.01218820861678,"Nestedness (SNE)",9,6,7,1,1,TRUE,"delta_1"
"L4","L4_0.45_Oct22","L4_0.45_Nov22",2022-10-21,2022-11-18,28,"1","0",0.0246153846153846,"Nestedness (SNE)",10,7,8,1,1,TRUE,"delta_1"
"L4","L4_0.45_Nov22","L4_0.45_Dec22",2022-11-18,2022-12-15,27,"1","0",0.146761133603239,"Nestedness (SNE)",11,8,9,1,1,TRUE,"delta_1"
"L4","L4_0.45_Dec22","L4_0.45_Janv23",2022-12-15,2023-01-25,41,"1","0",0.043921916592724,"Nestedness (SNE)",12,9,10,1,1,TRUE,"delta_1"
"L4","L4_0.45_Janv23","L4_0.45_Feb23",2023-01-25,2023-02-21,27,"1","0",0.0539130434782609,"Nestedness (SNE)",1,10,11,1,1,TRUE,"delta_1"
"L4","L4_0.45_Feb23","L4_0.45B_March23",2023-02-21,2023-03-28,35,"1","0",0,"Nestedness (SNE)",2,11,12,1,1,TRUE,"delta_1"
"L4","L4_0.45B_March23","L4_0.45_Apr23",2023-03-28,2023-05-03,36,"1","0",0.278229448961156,"Nestedness (SNE)",3,12,13,1,1,TRUE,"delta_1"
"L5","L5_0.45_April22","L5_0.45_May22",2022-04-21,2022-05-19,28,"1","0",0.0767650834403081,"Nestedness (SNE)",4,1,2,1,1,TRUE,"delta_1"
"L5","L5_0.45_May22","L5_0.45_June22",2022-05-19,2022-06-23,35,"1","0",0.0498644986449865,"Nestedness (SNE)",5,2,3,1,1,TRUE,"delta_1"
"L5","L5_0.45_June22","L5_0.45_July22",2022-06-23,2022-07-21,28,"1","0",0.172424875461996,"Nestedness (SNE)",6,3,4,1,1,TRUE,"delta_1"
"L5","L5_0.45_July22","L5_0.45B_Aug22",2022-07-21,2022-08-18,28,"1","0",0.00837320574162679,"Nestedness (SNE)",7,4,5,1,1,TRUE,"delta_1"
"L5","L5_0.45B_Aug22","L5_0.45_Sept22",2022-08-18,2022-09-22,35,"1","0",0.2623973727422,"Nestedness (SNE)",8,5,6,1,1,TRUE,"delta_1"
"L5","L5_0.45_Sept22","L5_0.45_Oct22",2022-09-22,2022-10-21,29,"1","0",0.0509521358723623,"Nestedness (SNE)",9,6,7,1,1,TRUE,"delta_1"
"L5","L5_0.45_Oct22","L5_0.45_Nov22",2022-10-21,2022-11-18,28,"1","0",0.0642594859241126,"Nestedness (SNE)",10,7,8,1,1,TRUE,"delta_1"
"L5","L5_0.45_Nov22","L5_0.45_Dec22",2022-11-18,2022-12-15,27,"1","0",0.399075500770416,"Nestedness (SNE)",11,8,9,1,1,TRUE,"delta_1"
"L5","L5_0.45_Dec22","L5_0.45_Janv23",2022-12-15,2023-01-25,41,"1","0",0.507836990595611,"Nestedness (SNE)",12,9,10,1,1,TRUE,"delta_1"
"L5","L5_0.45_Janv23","L5_0.45_Feb23",2023-01-25,2023-02-21,27,"1","0",0.0545607752264588,"Nestedness (SNE)",1,10,11,1,1,TRUE,"delta_1"
"L5","L5_0.45_Feb23","L5_0.45_March23",2023-02-21,2023-03-28,35,"1","0",0.019019019019019,"Nestedness (SNE)",2,11,12,1,1,TRUE,"delta_1"
"L5","L5_0.45_March23","L5_0.45_Apr23",2023-03-28,2023-05-03,36,"1","0",0.120551378446115,"Nestedness (SNE)",3,12,13,1,1,TRUE,"delta_1"
"L6","L6_0.45_April22","L6_0.45B_May22",2022-04-21,2022-05-19,28,"1","1",0.00604185086943708,"Nestedness (SNE)",4,1,2,1,1,TRUE,"delta_1"
"L6","L6_0.45B_May22","L6_0.45_June22",2022-05-19,2022-06-23,35,"1","1",0,"Nestedness (SNE)",5,2,3,1,1,TRUE,"delta_1"
"L6","L6_0.45_June22","L6_0.45_July22",2022-06-23,2022-07-21,28,"1","1",0.16722972972973,"Nestedness (SNE)",6,3,4,1,1,TRUE,"delta_1"
"L6","L6_0.45_July22","L6_0.45_Aug22",2022-07-21,2022-08-18,28,"1","1",0.302336234539624,"Nestedness (SNE)",7,4,5,1,1,TRUE,"delta_1"
"L6","L6_0.45_Aug22","L6_0.45_Sept22",2022-08-18,2022-09-22,35,"1","1",0.215873015873016,"Nestedness (SNE)",8,5,6,1,1,TRUE,"delta_1"
"L6","L6_0.45_Sept22","L6_0.45_Oct22",2022-09-22,2022-10-21,29,"1","1",0.0367647058823529,"Nestedness (SNE)",9,6,7,1,1,TRUE,"delta_1"
"L6","L6_0.45_Oct22","L6_0.45_Nov22",2022-10-21,2022-11-18,28,"1","1",0.0847826086956522,"Nestedness (SNE)",10,7,8,1,1,TRUE,"delta_1"
"L6","L6_0.45_Nov22","L6_0.45_Dec22",2022-11-18,2022-12-15,27,"1","1",0.0266666666666667,"Nestedness (SNE)",11,8,9,1,1,TRUE,"delta_1"
"L6","L6_0.45_Dec22","L6_0.45_Janv23",2022-12-15,2023-01-25,41,"1","1",0.570107858243451,"Nestedness (SNE)",12,9,10,1,1,TRUE,"delta_1"
"L6","L6_0.45_Janv23","L6_0.45_Feb23",2023-01-25,2023-02-21,27,"1","1",0.0666666666666667,"Nestedness (SNE)",1,10,11,1,1,TRUE,"delta_1"
"L6","L6_0.45_Feb23","L6_0.45_March23",2023-02-21,2023-03-28,35,"1","1",0.0808080808080808,"Nestedness (SNE)",2,11,12,1,1,TRUE,"delta_1"
"L6","L6_0.45_March23","L6_0.45_Apr23",2023-03-28,2023-05-03,36,"1","1",0.234113712374582,"Nestedness (SNE)",3,12,13,1,1,TRUE,"delta_1"
"L7","L7_0.45_April22","L7_0.45_May22",2022-04-21,2022-05-19,28,"0","0",0.0678733031674208,"Nestedness (SNE)",4,1,2,1,1,TRUE,"delta_1"
"L7","L7_0.45_May22","L7_0.45_June22",2022-05-19,2022-06-23,35,"0","0",0.147742818057456,"Nestedness (SNE)",5,2,3,1,1,TRUE,"delta_1"
"L7","L7_0.45_June22","L7_0.45_July22",2022-06-23,2022-07-21,28,"0","0",0.0593220338983051,"Nestedness (SNE)",6,3,4,1,1,TRUE,"delta_1"
"L7","L7_0.45_July22","L7_0.45_Aug22",2022-07-21,2022-08-18,28,"0","0",0.272138864371874,"Nestedness (SNE)",7,4,5,1,1,TRUE,"delta_1"
"L7","L7_0.45_Aug22","L7_0.45_Sept22",2022-08-18,2022-09-22,35,"0","0",0.16,"Nestedness (SNE)",8,5,6,1,1,TRUE,"delta_1"
"L7","L7_0.45_Sept22","L7_0.45_Oct22",2022-09-22,2022-10-21,29,"0","0",0.145009416195857,"Nestedness (SNE)",9,6,7,1,1,TRUE,"delta_1"
"L7","L7_0.45_Oct22","L7_0.45_Nov22",2022-10-21,2022-11-18,28,"0","0",0.0906612133605999,"Nestedness (SNE)",10,7,8,1,1,TRUE,"delta_1"
"L7","L7_0.45_Nov22","L7_0.45_Dec22",2022-11-18,2022-12-15,27,"0","0",0.340175953079179,"Nestedness (SNE)",11,8,9,1,1,TRUE,"delta_1"
"L7","L7_0.45_Dec22","L7_0.45_Janv23",2022-12-15,2023-01-25,41,"0","0",0.102564102564103,"Nestedness (SNE)",12,9,10,1,1,TRUE,"delta_1"
"L7","L7_0.45_Janv23","L7_0.45B_Feb23",2023-01-25,2023-02-21,27,"0","0",0.145454545454545,"Nestedness (SNE)",1,10,11,1,1,TRUE,"delta_1"
"L7","L7_0.45B_Feb23","L7_0.45_March23",2023-02-21,2023-03-28,35,"0","0",0.0916839916839917,"Nestedness (SNE)",2,11,12,1,1,TRUE,"delta_1"
"L7","L7_0.45_March23","L7_0.45_Apr23",2023-03-28,2023-05-03,36,"0","0",0.00473022912047302,"Nestedness (SNE)",3,12,13,1,1,TRUE,"delta_1"
"L8","L8_0.45_April22","L8_0.45_May22",2022-04-21,2022-05-19,28,"0","1",0.00820232399179768,"Nestedness (SNE)",4,1,2,1,1,TRUE,"delta_1"
"L8","L8_0.45_May22","L8_0.45_June22",2022-05-19,2022-06-23,35,"0","1",0.245614035087719,"Nestedness (SNE)",5,2,3,1,1,TRUE,"delta_1"
"L8","L8_0.45_June22","L8_0.45_July22",2022-06-23,2022-07-21,28,"0","1",0.0707070707070707,"Nestedness (SNE)",6,3,4,1,1,TRUE,"delta_1"
"L8","L8_0.45_July22","L8_0.45_Aug22",2022-07-21,2022-08-18,28,"0","1",0.0170940170940171,"Nestedness (SNE)",7,4,5,1,1,TRUE,"delta_1"
"L8","L8_0.45_Aug22","L8_0.45_Sept22",2022-08-18,2022-09-22,35,"0","1",0.158730158730159,"Nestedness (SNE)",8,5,6,1,1,TRUE,"delta_1"
"L8","L8_0.45_Sept22","L8_0.45_Oct22",2022-09-22,2022-10-21,29,"0","1",0.00638406537282942,"Nestedness (SNE)",9,6,7,1,1,TRUE,"delta_1"
"L8","L8_0.45_Oct22","L8_0.45B_Nov22",2022-10-21,2022-11-18,28,"0","1",0.266666666666667,"Nestedness (SNE)",10,7,8,1,1,TRUE,"delta_1"
"L8","L8_0.45B_Nov22","L8_0.45_Dec22",2022-11-18,2022-12-15,27,"0","1",0.161475116362334,"Nestedness (SNE)",11,8,9,1,1,TRUE,"delta_1"
"L8","L8_0.45_Dec22","L8_0.45_Janv23",2022-12-15,2023-01-25,41,"0","1",0.243697478991597,"Nestedness (SNE)",12,9,10,1,1,TRUE,"delta_1"
"L8","L8_0.45_Janv23","L8_0.45_Feb23",2023-01-25,2023-02-21,27,"0","1",0.0803571428571429,"Nestedness (SNE)",1,10,11,1,1,TRUE,"delta_1"
"L8","L8_0.45_Feb23","L8_0.45_March23",2023-02-21,2023-03-28,35,"0","1",0.3,"Nestedness (SNE)",2,11,12,1,1,TRUE,"delta_1"
"L8","L8_0.45_March23","L8_0.45_Apr23",2023-03-28,2023-05-03,36,"0","1",0.0585463746618969,"Nestedness (SNE)",3,12,13,1,1,TRUE,"delta_1"
"L9","L9_0.45_April22","L9_0.45_May22",2022-04-21,2022-05-19,28,"1","1",0.0422691879866518,"Nestedness (SNE)",4,1,2,1,1,TRUE,"delta_1"
"L9","L9_0.45_May22","L9_0.45_June22",2022-05-19,2022-06-23,35,"1","1",0.112233445566779,"Nestedness (SNE)",5,2,3,1,1,TRUE,"delta_1"
"L9","L9_0.45_June22","L9_0.45B_July22",2022-06-23,2022-07-21,28,"1","1",0.0720565749235474,"Nestedness (SNE)",6,3,4,1,1,TRUE,"delta_1"
"L9","L9_0.45B_July22","L9_0.45_Aug22",2022-07-21,2022-08-18,28,"1","1",0.029969262295082,"Nestedness (SNE)",7,4,5,1,1,TRUE,"delta_1"
"L9","L9_0.45_Aug22","L9_0.45_Sept22",2022-08-18,2022-09-22,35,"1","1",0.139303482587065,"Nestedness (SNE)",8,5,6,1,1,TRUE,"delta_1"
"L9","L9_0.45_Sept22","L9_0.45_Oct22",2022-09-22,2022-10-21,29,"1","1",0.394787031150667,"Nestedness (SNE)",9,6,7,1,1,TRUE,"delta_1"
"L9","L9_0.45_Oct22","L9_0.45_Nov22",2022-10-21,2022-11-18,28,"1","1",0.411255411255411,"Nestedness (SNE)",10,7,8,1,1,TRUE,"delta_1"
"L9","L9_0.45_Nov22","L9_0.45_Dec22",2022-11-18,2022-12-15,27,"1","1",0.257142857142857,"Nestedness (SNE)",11,8,9,1,1,TRUE,"delta_1"
"L9","L9_0.45_Dec22","L9_0.45_Janv23",2022-12-15,2023-01-25,41,"1","1",0.397058823529412,"Nestedness (SNE)",12,9,10,1,1,TRUE,"delta_1"
"L9","L9_0.45_Janv23","L9_0.45_Feb23",2023-01-25,2023-02-21,27,"1","1",0.288461538461538,"Nestedness (SNE)",1,10,11,1,1,TRUE,"delta_1"
"L9","L9_0.45_Feb23","L9_0.45_March23",2023-02-21,2023-03-28,35,"1","1",0.696117804551539,"Nestedness (SNE)",2,11,12,1,1,TRUE,"delta_1"
"L9","L9_0.45_March23","L9_0.45_Apr23",2023-03-28,2023-05-03,36,"1","1",0.0151529868868383,"Nestedness (SNE)",3,12,13,1,1,TRUE,"delta_1"
